"location_id","sex_id","year_id","location_name","sex","cause_id","measure_id","metric_id","acause","cause_name","expected","location_type","measure_name","metric_name","mean_value_lri","upper_value_lri","lower_value_lri","mean_value_hib","lower_value_hib","upper_value_hib","mean_value_pcv3","lower_value_pcv3","upper_value_pcv3","ihme_loc_id","super_region_name"
6,3,2019,"China","Both",322,6,3,"lri","Lower respiratory infections",FALSE,"admin0","Incidence","Rate",0.0413433277987303,0.0528209786126579,0.0316169903935065,0.753927712152742,0.545044085627065,0.902729806556304,0.0832318828435795,0.0466804527265774,0.134525467049274,"CHN","Southeast Asia, East Asia, and Oceania"
7,3,2019,"Democratic People's Republic of Korea","Both",322,6,3,"lri","Lower respiratory infections",FALSE,"admin0","Incidence","Rate",0.0664764493595836,0.0839984325949302,0.0515833179222114,0.978671975663397,0.951788762114189,0.991636261908652,0,0,0,"PRK","Southeast Asia, East Asia, and Oceania"
8,3,2019,"Taiwan (Province of China)","Both",322,6,3,"lri","Lower respiratory infections",FALSE,"admin0","Incidence","Rate",0.0838652174059132,0.10858887563918,0.063501652011343,0.972798855532312,0.933206721914511,0.992535943666403,0.969866866908692,0.922831571572399,0.990489045909977,"TWN","Southeast Asia, East Asia, and Oceania"
10,3,2019,"Cambodia","Both",322,6,3,"lri","Lower respiratory infections",FALSE,"admin0","Incidence","Rate",0.0960584272390785,0.118047352036835,0.0770806538252514,0.945951565187378,0.899342998422886,0.97580220023138,0.925433635399163,0.864554226501113,0.961827131668486,"KHM","Southeast Asia, East Asia, and Oceania"
11,3,2019,"Indonesia","Both",322,6,3,"lri","Lower respiratory infections",FALSE,"admin0","Incidence","Rate",0.0681718930215105,0.0853756936110037,0.0531417919162061,0.803678228146823,0.739960194842197,0.858617478210906,0.665720747119658,0.57404098306556,0.74926553958574,"IDN","Southeast Asia, East Asia, and Oceania"
12,3,2019,"Lao People's Democratic Republic","Both",322,6,3,"lri","Lower respiratory infections",FALSE,"admin0","Incidence","Rate",0.085715274184715,0.107787924978384,0.0671142581924479,0.775564863093444,0.688624184976942,0.845571144488739,0.708283370238958,0.609177790029448,0.794023712161449,"LAO","Southeast Asia, East Asia, and Oceania"
13,3,2019,"Malaysia","Both",322,6,3,"lri","Lower respiratory infections",FALSE,"admin0","Incidence","Rate",0.0651084457433782,0.0861079412885429,0.0491252707095649,0.917174683753467,0.877035281377965,0.946092286858709,0,0,0,"MYS","Southeast Asia, East Asia, and Oceania"
14,3,2019,"Maldives","Both",322,6,3,"lri","Lower respiratory infections",FALSE,"admin0","Incidence","Rate",0.0615200377876195,0.0792361816335888,0.0462683616505433,0.875472517421506,0.832511235555486,0.911392143603002,0,0,0,"MDV","Southeast Asia, East Asia, and Oceania"
15,3,2019,"Myanmar","Both",322,6,3,"lri","Lower respiratory infections",FALSE,"admin0","Incidence","Rate",0.0568402909386504,0.0718381926875937,0.0448275002197194,0.735438861628883,0.647232861117284,0.811669793589329,0.729869686533187,0.630504276285528,0.811778294230402,"MMR","Southeast Asia, East Asia, and Oceania"
16,3,2019,"Philippines","Both",322,6,3,"lri","Lower respiratory infections",FALSE,"admin0","Incidence","Rate",0.0791424978844853,0.0978689668962765,0.0630594289328163,0.920894487345194,0.876223001737912,0.953186614370499,0.744551500400902,0.676047199190252,0.804084814314385,"PHL","Southeast Asia, East Asia, and Oceania"
17,3,2019,"Sri Lanka","Both",322,6,3,"lri","Lower respiratory infections",FALSE,"admin0","Incidence","Rate",0.0569145882140234,0.0736906030823607,0.0433586855946561,0.982950725049679,0.965696999493811,0.992677890997612,0,0,0,"LKA","Southeast Asia, East Asia, and Oceania"
18,3,2019,"Thailand","Both",322,6,3,"lri","Lower respiratory infections",FALSE,"admin0","Incidence","Rate",0.0564955787313339,0.072039176809472,0.0443542687410125,0,0,0,0,0,0,"THA","Southeast Asia, East Asia, and Oceania"
19,3,2019,"Timor-Leste","Both",322,6,3,"lri","Lower respiratory infections",FALSE,"admin0","Incidence","Rate",0.0852252666692543,0.105945952780058,0.067497731499276,0.672826266002611,0.561691567174598,0.775314025992294,0,0,0,"TLS","Southeast Asia, East Asia, and Oceania"
20,3,2019,"Viet Nam","Both",322,6,3,"lri","Lower respiratory infections",FALSE,"admin0","Incidence","Rate",0.0665662027544355,0.0835496112593885,0.0521622477468945,0.893629287960376,0.841918471362425,0.935091964304168,0,0,0,"VNM","Southeast Asia, East Asia, and Oceania"
22,3,2019,"Fiji","Both",322,6,3,"lri","Lower respiratory infections",FALSE,"admin0","Incidence","Rate",0.0733489381363804,0.0922481928627694,0.0576368164612714,0.907361696033547,0.845326750331548,0.949951649137116,0.9039763689285,0.838002045069864,0.946588543432802,"FJI","Southeast Asia, East Asia, and Oceania"
23,3,2019,"Kiribati","Both",322,6,3,"lri","Lower respiratory infections",FALSE,"admin0","Incidence","Rate",0.0709164700260214,0.0880942575153566,0.0562399499468311,0.645516377151788,0.540671370293445,0.739750591356628,0.646021577582038,0.530532811758556,0.742846431206111,"KIR","Southeast Asia, East Asia, and Oceania"
24,3,2019,"Marshall Islands","Both",322,6,3,"lri","Lower respiratory infections",FALSE,"admin0","Incidence","Rate",0.0790067343521853,0.0993782451268933,0.0618030271646676,0.654404370824522,0.518084338142424,0.758959308491499,0.528800657549013,0.399376535685707,0.648907918316995,"MHL","Southeast Asia, East Asia, and Oceania"
25,3,2019,"Micronesia (Federated States of)","Both",322,6,3,"lri","Lower respiratory infections",FALSE,"admin0","Incidence","Rate",0.0684393898645278,0.0865428033498137,0.0542177675587869,0.516802134177598,0.393406836789266,0.639963243928173,0.643646414873704,0.543179372550045,0.747529263403419,"FSM","Southeast Asia, East Asia, and Oceania"
26,3,2019,"Papua New Guinea","Both",322,6,3,"lri","Lower respiratory infections",FALSE,"admin0","Incidence","Rate",0.109986727014724,0.139100140712548,0.0861712941012294,0.573377673998043,0.454110063520485,0.684145739559798,0.495606530241883,0.386285754003489,0.592256765586923,"PNG","Southeast Asia, East Asia, and Oceania"
27,3,2019,"Samoa","Both",322,6,3,"lri","Lower respiratory infections",FALSE,"admin0","Incidence","Rate",0.0614254006603105,0.0760758737986107,0.0485048887385292,0.393695058051317,0.305765541999484,0.482832489783828,0,0,0,"WSM","Southeast Asia, East Asia, and Oceania"
28,3,2019,"Solomon Islands","Both",322,6,3,"lri","Lower respiratory infections",FALSE,"admin0","Incidence","Rate",0.0866967786909009,0.108263066197794,0.0680281637970593,0.88448319288678,0.80236773122272,0.939209780085084,0.81074537721689,0.712985264410369,0.885340273068006,"SLB","Southeast Asia, East Asia, and Oceania"
29,3,2019,"Tonga","Both",322,6,3,"lri","Lower respiratory infections",FALSE,"admin0","Incidence","Rate",0.0640382592731363,0.0789383703456263,0.0506360610030379,0.961415717093715,0.929040482543029,0.981490102276979,0,0,0,"TON","Southeast Asia, East Asia, and Oceania"
30,3,2019,"Vanuatu","Both",322,6,3,"lri","Lower respiratory infections",FALSE,"admin0","Incidence","Rate",0.0788150454944551,0.0980446439637699,0.0627913987166032,0.72463160296324,0.617979379927674,0.818543977427364,0,0,0,"VUT","Southeast Asia, East Asia, and Oceania"
33,3,2019,"Armenia","Both",322,6,3,"lri","Lower respiratory infections",FALSE,"admin0","Incidence","Rate",0.0515045769964451,0.0633207249285066,0.040942394919302,0.947649806067907,0.90955626862004,0.970934126084683,0.944904951519991,0.903827696473176,0.971969541905802,"ARM","Central Europe, Eastern Europe, and Central Asia"
34,3,2019,"Azerbaijan","Both",322,6,3,"lri","Lower respiratory infections",FALSE,"admin0","Incidence","Rate",0.0650762276722558,0.0805772992505708,0.0521546546916926,0.810003336047876,0.735297554902522,0.873243746766246,0.811771541689529,0.729959222998153,0.873906100253975,"AZE","Central Europe, Eastern Europe, and Central Asia"
35,3,2019,"Georgia","Both",322,6,3,"lri","Lower respiratory infections",FALSE,"admin0","Incidence","Rate",0.0637892212554738,0.0794181014304487,0.0505481218790626,0.850778655186118,0.775466369913321,0.904338561451948,0.830793076397716,0.756458107387421,0.888300583141963,"GEO","Central Europe, Eastern Europe, and Central Asia"
36,3,2019,"Kazakhstan","Both",322,6,3,"lri","Lower respiratory infections",FALSE,"admin0","Incidence","Rate",0.0363650980782566,0.0456459450999572,0.0287692912668409,0.967255106507754,0.940098575636312,0.98405929202697,0.962284952309291,0.933000496155911,0.979337980304742,"KAZ","Central Europe, Eastern Europe, and Central Asia"
37,3,2019,"Kyrgyzstan","Both",322,6,3,"lri","Lower respiratory infections",FALSE,"admin0","Incidence","Rate",0.0486194523106801,0.0585314058470805,0.0392179111847241,0.805342992852146,0.735446810697232,0.868569795487714,0.796104696098495,0.721553442465086,0.856292197627653,"KGZ","Central Europe, Eastern Europe, and Central Asia"
38,3,2019,"Mongolia","Both",322,6,3,"lri","Lower respiratory infections",FALSE,"admin0","Incidence","Rate",0.0550190711343334,0.068760586824327,0.0438961575141285,0.96802332795501,0.937465731723346,0.984900194487511,0.317402239781989,0.203370460070781,0.446832972302259,"MNG","Central Europe, Eastern Europe, and Central Asia"
39,3,2019,"Tajikistan","Both",322,6,3,"lri","Lower respiratory infections",FALSE,"admin0","Incidence","Rate",0.0660458209104999,0.0823045460826313,0.0523973331925298,0.934336714943624,0.892595342694355,0.963212575253083,0,0,0,"TJK","Central Europe, Eastern Europe, and Central Asia"
40,3,2019,"Turkmenistan","Both",322,6,3,"lri","Lower respiratory infections",FALSE,"admin0","Incidence","Rate",0.065725732848366,0.0786797007746584,0.0529554765429593,0.927452224455788,0.891642349349548,0.953472468133111,0,0,0,"TKM","Central Europe, Eastern Europe, and Central Asia"
41,3,2019,"Uzbekistan","Both",322,6,3,"lri","Lower respiratory infections",FALSE,"admin0","Incidence","Rate",0.0611325602250541,0.0733965440289063,0.0491602366927451,0.955782197818657,0.927564359439315,0.975916693652535,0.957574170461881,0.926154158281052,0.976508767100343,"UZB","Central Europe, Eastern Europe, and Central Asia"
43,3,2019,"Albania","Both",322,6,3,"lri","Lower respiratory infections",FALSE,"admin0","Incidence","Rate",0.0812906229125328,0.100783758802,0.0641756416829258,0.9834632716644,0.969020424088413,0.991901913864594,0.98268144131741,0.965488060222329,0.991640127545872,"ALB","Central Europe, Eastern Europe, and Central Asia"
44,3,2019,"Bosnia and Herzegovina","Both",322,6,3,"lri","Lower respiratory infections",FALSE,"admin0","Incidence","Rate",0.0800804830059456,0.10499065475968,0.0608979825929476,0.683054425977577,0.560712545329945,0.783864639500557,0,0,0,"BIH","Central Europe, Eastern Europe, and Central Asia"
45,3,2019,"Bulgaria","Both",322,6,3,"lri","Lower respiratory infections",FALSE,"admin0","Incidence","Rate",0.0762854696060712,0.0971185878717629,0.059186253226162,0.923826323612836,0.880027069888107,0.95623293076998,0.918933648069052,0.868247959267223,0.952565462477719,"BGR","Central Europe, Eastern Europe, and Central Asia"
46,3,2019,"Croatia","Both",322,6,3,"lri","Lower respiratory infections",FALSE,"admin0","Incidence","Rate",0.0741196736296014,0.0976612464623284,0.0567742598190512,0.921539823147467,0.872313350434095,0.954316436149393,0,0,0,"HRV","Central Europe, Eastern Europe, and Central Asia"
47,3,2019,"Czechia","Both",322,6,3,"lri","Lower respiratory infections",FALSE,"admin0","Incidence","Rate",0.0616952729564315,0.0815328297976887,0.046383298407931,0.980656204166876,0.956957428392577,0.99377224188102,0,0,0,"CZE","Central Europe, Eastern Europe, and Central Asia"
48,3,2019,"Hungary","Both",322,6,3,"lri","Lower respiratory infections",FALSE,"admin0","Incidence","Rate",0.0718426318929962,0.0943410713763262,0.0539515748188766,0.997298628056814,0.993192962129646,0.99904739700421,0.994127260577951,0.990925754042401,0.996580090900989,"HUN","Central Europe, Eastern Europe, and Central Asia"
49,3,2019,"North Macedonia","Both",322,6,3,"lri","Lower respiratory infections",FALSE,"admin0","Incidence","Rate",0.0847691592451341,0.111118863691916,0.0652798656549583,0.881114520487651,0.817902689091851,0.928804099162445,0,0,0,"MKD","Central Europe, Eastern Europe, and Central Asia"
50,3,2019,"Montenegro","Both",322,6,3,"lri","Lower respiratory infections",FALSE,"admin0","Incidence","Rate",0.0790143614528589,0.102770449941198,0.0594482126560242,0.894701329946972,0.821655948224601,0.940517958035234,0,0,0,"MNE","Central Europe, Eastern Europe, and Central Asia"
51,3,2019,"Poland","Both",322,6,3,"lri","Lower respiratory infections",FALSE,"admin0","Incidence","Rate",0.0416260038916963,0.053261916508865,0.0312464926354791,0.991408310068635,0.978948266181735,0.996981442388162,0.94547285819869,0.908995361598213,0.96856478154853,"POL","Central Europe, Eastern Europe, and Central Asia"
52,3,2019,"Romania","Both",322,6,3,"lri","Lower respiratory infections",FALSE,"admin0","Incidence","Rate",0.0838232149712381,0.104010243055187,0.0673642545331947,0.867434500420174,0.796781412481497,0.919938483159024,0.819287488892808,0.745938451361485,0.875348923109767,"ROU","Central Europe, Eastern Europe, and Central Asia"
53,3,2019,"Serbia","Both",322,6,3,"lri","Lower respiratory infections",FALSE,"admin0","Incidence","Rate",0.0615092485115331,0.0798990983266599,0.0453711958801661,0.941339796200301,0.902784450394957,0.968185899526707,0,0,0,"SRB","Central Europe, Eastern Europe, and Central Asia"
54,3,2019,"Slovakia","Both",322,6,3,"lri","Lower respiratory infections",FALSE,"admin0","Incidence","Rate",0.0814343754915748,0.10505681911554,0.063194273992657,0.97164571956641,0.944308643603656,0.987362628118219,0.975089780881874,0.94337698002848,0.990724865728206,"SVK","Central Europe, Eastern Europe, and Central Asia"
55,3,2019,"Slovenia","Both",322,6,3,"lri","Lower respiratory infections",FALSE,"admin0","Incidence","Rate",0.0832225835502871,0.109606364480521,0.0630779534932466,0.954684088953181,0.914098738000603,0.97908975324913,0.806781400090071,0.730643594400353,0.869970465602643,"SVN","Central Europe, Eastern Europe, and Central Asia"
57,3,2019,"Belarus","Both",322,6,3,"lri","Lower respiratory infections",FALSE,"admin0","Incidence","Rate",0.056937668040079,0.0744248298237339,0.0425471122375638,0.156856315308193,0.0810814356502466,0.270122164568176,0.0652339033442433,0.0360136529791544,0.106989145381616,"BLR","Central Europe, Eastern Europe, and Central Asia"
58,3,2019,"Estonia","Both",322,6,3,"lri","Lower respiratory infections",FALSE,"admin0","Incidence","Rate",0.0628094144275537,0.0824224980008845,0.0465846965401103,0.982689234850615,0.96151175731577,0.993497537637447,0,0,0,"EST","Central Europe, Eastern Europe, and Central Asia"
59,3,2019,"Latvia","Both",322,6,3,"lri","Lower respiratory infections",FALSE,"admin0","Incidence","Rate",0.0664138965772412,0.0857254169236144,0.0486435596412797,0.996007334672775,0.992002547272753,0.998350697723822,0.960500129936853,0.940420793809899,0.975056234362057,"LVA","Central Europe, Eastern Europe, and Central Asia"
60,3,2019,"Lithuania","Both",322,6,3,"lri","Lower respiratory infections",FALSE,"admin0","Incidence","Rate",0.0748279624565294,0.0974718266730151,0.0555260029573077,0.989689982014061,0.975413703549526,0.996396749953348,0.956143078773961,0.932462351880973,0.973206837477989,"LTU","Central Europe, Eastern Europe, and Central Asia"
61,3,2019,"Republic of Moldova","Both",322,6,3,"lri","Lower respiratory infections",FALSE,"admin0","Incidence","Rate",0.0521865506872619,0.0653034757395293,0.0401860761347958,0.694650206313555,0.613162249528075,0.7728318118759,0.66473745598738,0.575569614319663,0.735621137827101,"MDA","Central Europe, Eastern Europe, and Central Asia"
62,3,2019,"Russian Federation","Both",322,6,3,"lri","Lower respiratory infections",FALSE,"admin0","Incidence","Rate",0.0538404263761999,0.0687568769879,0.0411784149901742,0.460220398728758,0.222256092185327,0.695064582512611,0.837336355982458,0.777084899487049,0.886685120093789,"RUS","Central Europe, Eastern Europe, and Central Asia"
63,3,2019,"Ukraine","Both",322,6,3,"lri","Lower respiratory infections",FALSE,"admin0","Incidence","Rate",0.0542032724381478,0.0697222829665828,0.0409865739283785,0.823364092352156,0.743467457006683,0.884645388093644,0,0,0,"UKR","Central Europe, Eastern Europe, and Central Asia"
66,3,2019,"Brunei Darussalam","Both",322,6,3,"lri","Lower respiratory infections",FALSE,"admin0","Incidence","Rate",0.0461455943220297,0.0600012485351915,0.0354781394936659,0.99385706781839,0.988922503761198,0.996943619916239,0,0,0,"BRN","High-income"
67,3,2019,"Japan","Both",322,6,3,"lri","Lower respiratory infections",FALSE,"admin0","Incidence","Rate",0.0447130752763481,0.0580830378382883,0.0336319532643842,0.995123361384208,0.988755899823305,0.998177841758927,0.995242724849201,0.987886045478605,0.998714557884108,"JPN","High-income"
68,3,2019,"Republic of Korea","Both",322,6,3,"lri","Lower respiratory infections",FALSE,"admin0","Incidence","Rate",0.0371819362988785,0.0492008705553537,0.0277756867307766,0.98722114206081,0.971715252524517,0.994441345840215,0.987524917129786,0.97261887436847,0.995493010134919,"KOR","High-income"
69,3,2019,"Singapore","Both",322,6,3,"lri","Lower respiratory infections",FALSE,"admin0","Incidence","Rate",0.0439059619219322,0.057138085379989,0.0333346086210941,0.943652938940744,0.906231204041434,0.970109978639559,0.919728978213112,0.875479044617379,0.949171141127389,"SGP","High-income"
71,3,2019,"Australia","Both",322,6,3,"lri","Lower respiratory infections",FALSE,"admin0","Incidence","Rate",0.0395462486580712,0.052320386948973,0.029907132926192,0.952655186694561,0.919238131062793,0.975866600389392,0.962028292101515,0.927095861647297,0.982761162436844,"AUS","High-income"
72,3,2019,"New Zealand","Both",322,6,3,"lri","Lower respiratory infections",FALSE,"admin0","Incidence","Rate",0.0666492630445306,0.0863121277466615,0.0515501401169171,0.945986878970006,0.89941391095532,0.973550960086976,0.952722634344482,0.908650828771431,0.980312080558929,"NZL","High-income"
74,3,2019,"Andorra","Both",322,6,3,"lri","Lower respiratory infections",FALSE,"admin0","Incidence","Rate",0.0453762186473766,0.0601599641856486,0.0347673056984319,0.990002213748263,0.977969258862771,0.996065779303122,0.986626483333387,0.97487417773634,0.992755087044746,"AND","High-income"
75,3,2019,"Austria","Both",322,6,3,"lri","Lower respiratory infections",FALSE,"admin0","Incidence","Rate",0.0579747806750342,0.0751149770575515,0.0451968856153512,0.897276031419209,0.820458969356899,0.945435936895153,0,0,0,"AUT","High-income"
76,3,2019,"Belgium","Both",322,6,3,"lri","Lower respiratory infections",FALSE,"admin0","Incidence","Rate",0.0555714402990679,0.0727184686522741,0.0425115850095281,0.981817097445801,0.963978036303272,0.991659849209368,0.985639357523191,0.974916993126849,0.99194724261872,"BEL","High-income"
77,3,2019,"Cyprus","Both",322,6,3,"lri","Lower respiratory infections",FALSE,"admin0","Incidence","Rate",0.0414989238264765,0.0550137563584499,0.031902846366374,0.983853865466506,0.966967991227845,0.993220996119282,0.945522389840026,0.917664575933807,0.964766071574608,"CYP","High-income"
78,3,2019,"Denmark","Both",322,6,3,"lri","Lower respiratory infections",FALSE,"admin0","Incidence","Rate",0.0494518736987627,0.0653254396002714,0.0382919386981555,0.961815461832078,0.928324737219918,0.981965780997305,0.974038066651913,0.948638820491715,0.988125600597826,"DNK","High-income"
79,3,2019,"Finland","Both",322,6,3,"lri","Lower respiratory infections",FALSE,"admin0","Incidence","Rate",0.0577191815010804,0.0767463781841703,0.0439467424598047,0.883007516639171,0.820406898362534,0.928680574682971,0.908384928986846,0.849366155617316,0.948563510654731,"FIN","High-income"
80,3,2019,"France","Both",322,6,3,"lri","Lower respiratory infections",FALSE,"admin0","Incidence","Rate",0.0481782506493215,0.0639682680237524,0.036984926750355,0.965821833763855,0.936560617589623,0.984903562608836,0.966448425566907,0.939986353199204,0.981611578910853,"FRA","High-income"
81,3,2019,"Germany","Both",322,6,3,"lri","Lower respiratory infections",FALSE,"admin0","Incidence","Rate",0.047447554984784,0.0624875257384716,0.0368180788572523,0.963131546292783,0.924474500171879,0.984713892628902,0.934479857667747,0.889562554930925,0.962888257312651,"DEU","High-income"
82,3,2019,"Greece","Both",322,6,3,"lri","Lower respiratory infections",FALSE,"admin0","Incidence","Rate",0.0558475336375677,0.07251726789914,0.0435632606747358,0.986424596936396,0.970275028213896,0.994898727136065,0.980277572495006,0.96677676589184,0.989282935745011,"GRC","High-income"
83,3,2019,"Iceland","Both",322,6,3,"lri","Lower respiratory infections",FALSE,"admin0","Incidence","Rate",0.0480519972918032,0.0625368109915275,0.0369805135547456,0.953461986461445,0.905888951418229,0.981315881531235,0.90601309609467,0.843984167550786,0.94927333753242,"ISL","High-income"
84,3,2019,"Ireland","Both",322,6,3,"lri","Lower respiratory infections",FALSE,"admin0","Incidence","Rate",0.0445208709833697,0.0597516473994099,0.0340423306691175,0.954056616570345,0.91752305167444,0.977550854195752,0.952279869250382,0.916019643618127,0.973915028778632,"IRL","High-income"
85,3,2019,"Israel","Both",322,6,3,"lri","Lower respiratory infections",FALSE,"admin0","Incidence","Rate",0.0412087626326407,0.0542025516442809,0.0317579662395162,0.948670859599113,0.906642493444642,0.975448550626073,0.95100753711662,0.912076387263483,0.977519496607025,"ISR","High-income"
86,3,2019,"Italy","Both",322,6,3,"lri","Lower respiratory infections",FALSE,"admin0","Incidence","Rate",0.0483437896191177,0.0618516672677563,0.0382864399094916,0.997416952166181,0.994460295587325,0.998964200022841,0.990725091424268,0.984896025122163,0.994675466914164,"ITA","High-income"
87,3,2019,"Luxembourg","Both",322,6,3,"lri","Lower respiratory infections",FALSE,"admin0","Incidence","Rate",0.0450052675778175,0.0595450099780508,0.0347382569678443,0.99797465242027,0.995741260595779,0.999257901307729,0.991177130195349,0.985918307293649,0.994647434203788,"LUX","High-income"
88,3,2019,"Malta","Both",322,6,3,"lri","Lower respiratory infections",FALSE,"admin0","Incidence","Rate",0.0564382834067406,0.0740454260906715,0.0433258220901208,0.962029673735463,0.92418485765046,0.984902554032758,0,0,0,"MLT","High-income"
89,3,2019,"Netherlands","Both",322,6,3,"lri","Lower respiratory infections",FALSE,"admin0","Incidence","Rate",0.0390361929605035,0.0518622214300589,0.0297895149530339,0.953507008585853,0.916542651135477,0.977148771020519,0.956971814412138,0.91964558887485,0.979717798822048,"NLD","High-income"
90,3,2019,"Norway","Both",322,6,3,"lri","Lower respiratory infections",FALSE,"admin0","Incidence","Rate",0.0565251103896776,0.0743910165475873,0.0434585131707849,0.957396982420975,0.921628348279575,0.978336406998896,0.965712932034786,0.938094052550937,0.983280202545743,"NOR","High-income"
91,3,2019,"Portugal","Both",322,6,3,"lri","Lower respiratory infections",FALSE,"admin0","Incidence","Rate",0.0571941394031571,0.0738490145723176,0.0447923983399186,0.972796833619131,0.949420522466481,0.987326806536447,0.954065610214215,0.930419705102429,0.971283204353245,"PRT","High-income"
92,3,2019,"Spain","Both",322,6,3,"lri","Lower respiratory infections",FALSE,"admin0","Incidence","Rate",0.041850306677559,0.0546216906588744,0.0321141699742457,0.96745085770756,0.938606463976036,0.983860942103324,0.888037954135693,0.844954628580949,0.922636497292122,"ESP","High-income"
93,3,2019,"Sweden","Both",322,6,3,"lri","Lower respiratory infections",FALSE,"admin0","Incidence","Rate",0.0663736585997854,0.0872843273312816,0.0507975195009713,0.976634763778153,0.953937075973028,0.988944061634786,0.975149127010678,0.952695847927312,0.988639599858462,"SWE","High-income"
94,3,2019,"Switzerland","Both",322,6,3,"lri","Lower respiratory infections",FALSE,"admin0","Incidence","Rate",0.0362364106291205,0.047926744738776,0.0275493688949416,0.97252574644914,0.949173832535071,0.986546242240832,0.948913097813977,0.922422890865666,0.966656333864875,"CHE","High-income"
95,3,2019,"United Kingdom","Both",322,6,3,"lri","Lower respiratory infections",FALSE,"admin0","Incidence","Rate",0.0368375448495875,0.0479600466535038,0.0284666242202985,0.94997816315016,0.911351764007209,0.975909705028886,0.958738371302097,0.920136468519252,0.981202912363209,"GBR","High-income"
97,3,2019,"Argentina","Both",322,6,3,"lri","Lower respiratory infections",FALSE,"admin0","Incidence","Rate",0.0598467625641907,0.0767110555892478,0.0464666847434651,0.888047072008583,0.82585347493271,0.935023136966243,0.858935217185671,0.79305467727317,0.908492028786283,"ARG","High-income"
98,3,2019,"Chile","Both",322,6,3,"lri","Lower respiratory infections",FALSE,"admin0","Incidence","Rate",0.0665089635268532,0.0871106869036544,0.0504776772403553,0.931024611973944,0.881916072652574,0.961825568066415,0.924601684151971,0.877580681092676,0.958061643730687,"CHL","High-income"
99,3,2019,"Uruguay","Both",322,6,3,"lri","Lower respiratory infections",FALSE,"admin0","Incidence","Rate",0.0676804357293818,0.0862861605244253,0.053027995264543,0.938207539568257,0.889944628571622,0.969045350124386,0.930646576975465,0.880877699819675,0.964430554807186,"URY","High-income"
101,3,2019,"Canada","Both",322,6,3,"lri","Lower respiratory infections",FALSE,"admin0","Incidence","Rate",0.0423039637941407,0.0565258815582691,0.0315837483890105,0.911375727299182,0.837129842297433,0.95691883971881,0.897788944229494,0.823865433431282,0.944716040612003,"CAN","High-income"
102,3,2019,"United States of America","Both",322,6,3,"lri","Lower respiratory infections",FALSE,"admin0","Incidence","Rate",0.0542272773175148,0.0681008117179029,0.041944363178715,0.92714971215464,0.886445424123501,0.956175911883422,0.936947131842321,0.892326094463195,0.965144184269462,"USA","High-income"
105,3,2019,"Antigua and Barbuda","Both",322,6,3,"lri","Lower respiratory infections",FALSE,"admin0","Incidence","Rate",0.0612170421850355,0.0770322057777476,0.0480393377710833,0.946720039070394,0.907767157201052,0.971608031054695,0,0,0,"ATG","Latin America and Caribbean"
106,3,2019,"Bahamas","Both",322,6,3,"lri","Lower respiratory infections",FALSE,"admin0","Incidence","Rate",0.0493981480913329,0.0625060081010546,0.0380999667954242,0.944713348985634,0.894359007351259,0.973736033425128,0.881383920085795,0.810703246466561,0.931079915285015,"BHS","Latin America and Caribbean"
107,3,2019,"Barbados","Both",322,6,3,"lri","Lower respiratory infections",FALSE,"admin0","Incidence","Rate",0.066187025903114,0.0859824248841356,0.0499224717769301,0.920379571812012,0.862089474718992,0.958129077213972,0.868281463725179,0.791710151091537,0.92109658820925,"BRB","Latin America and Caribbean"
108,3,2019,"Belize","Both",322,6,3,"lri","Lower respiratory infections",FALSE,"admin0","Incidence","Rate",0.0476837761891371,0.0598740467267087,0.0370047941943703,0.884617837501402,0.801982392265201,0.940658392229054,0,0,0,"BLZ","Latin America and Caribbean"
109,3,2019,"Cuba","Both",322,6,3,"lri","Lower respiratory infections",FALSE,"admin0","Incidence","Rate",0.0580569793399975,0.0748701055710993,0.044589346775255,0.983844863810251,0.968121465009999,0.992477889675655,0,0,0,"CUB","Latin America and Caribbean"
110,3,2019,"Dominica","Both",322,6,3,"lri","Lower respiratory infections",FALSE,"admin0","Incidence","Rate",0.0590090713131922,0.0736995516823346,0.0463353364336859,0.938259315100577,0.896781378630817,0.96703574821657,0,0,0,"DMA","Latin America and Caribbean"
111,3,2019,"Dominican Republic","Both",322,6,3,"lri","Lower respiratory infections",FALSE,"admin0","Incidence","Rate",0.064013811195533,0.0806343721411202,0.0505396728700048,0.688682408486075,0.581166587412201,0.782487936936443,0.621119524198645,0.518828709318386,0.716586074182869,"DOM","Latin America and Caribbean"
112,3,2019,"Grenada","Both",322,6,3,"lri","Lower respiratory infections",FALSE,"admin0","Incidence","Rate",0.0553981106177623,0.0694343493648464,0.0433031944116955,0.887303491508794,0.815001818296184,0.939524853599148,0.453452931551695,0.330141301143836,0.569428659849533,"GRD","Latin America and Caribbean"
113,3,2019,"Guyana","Both",322,6,3,"lri","Lower respiratory infections",FALSE,"admin0","Incidence","Rate",0.0494304610505897,0.0601090900428881,0.0391102871847142,0.930579632103203,0.887672764881636,0.961678871091027,0.936473324771522,0.890111545064144,0.965363395337955,"GUY","Latin America and Caribbean"
114,3,2019,"Haiti","Both",322,6,3,"lri","Lower respiratory infections",FALSE,"admin0","Incidence","Rate",0.0975648098146542,0.120676392745588,0.0779011338057953,0.775211698281751,0.683170567378296,0.854838499650033,0.208930516516307,0.122022031165689,0.313127206044449,"HTI","Latin America and Caribbean"
115,3,2019,"Jamaica","Both",322,6,3,"lri","Lower respiratory infections",FALSE,"admin0","Incidence","Rate",0.0571268174923946,0.0741392780420438,0.0430754118801849,0.972138055393649,0.944987564627669,0.988545929089705,0.0711727908258914,0.0391178613519896,0.114778504791044,"JAM","Latin America and Caribbean"
116,3,2019,"Saint Lucia","Both",322,6,3,"lri","Lower respiratory infections",FALSE,"admin0","Incidence","Rate",0.0605702794842354,0.0773700977882058,0.0463283935235476,0.877340120548528,0.803678621925713,0.929415851109029,0,0,0,"LCA","Latin America and Caribbean"
117,3,2019,"Saint Vincent and the Grenadines","Both",322,6,3,"lri","Lower respiratory infections",FALSE,"admin0","Incidence","Rate",0.0574467139512797,0.0736221454901614,0.0447148613993082,0.996228202002076,0.99224755827788,0.998419557110202,0,0,0,"VCT","Latin America and Caribbean"
118,3,2019,"Suriname","Both",322,6,3,"lri","Lower respiratory infections",FALSE,"admin0","Incidence","Rate",0.0460345626506593,0.0581310075794771,0.0357776280469508,0.977308620720232,0.951683546191103,0.991158309005671,0,0,0,"SUR","Latin America and Caribbean"
119,3,2019,"Trinidad and Tobago","Both",322,6,3,"lri","Lower respiratory infections",FALSE,"admin0","Incidence","Rate",0.0545087748690622,0.070390186262238,0.0421400230345458,0.842372076860734,0.769952603782245,0.899564314121558,0.839147397375142,0.757919151883188,0.896303093813084,"TTO","Latin America and Caribbean"
121,3,2019,"Bolivia (Plurinational State of)","Both",322,6,3,"lri","Lower respiratory infections",FALSE,"admin0","Incidence","Rate",0.114003769334236,0.141559033424591,0.0919480899148519,0.93137554292217,0.874802607027254,0.968470838625158,0.927195558079406,0.87186587591654,0.965466917600183,"BOL","Latin America and Caribbean"
122,3,2019,"Ecuador","Both",322,6,3,"lri","Lower respiratory infections",FALSE,"admin0","Incidence","Rate",0.102686772351991,0.127342230642389,0.0810670559002588,0.803724721400586,0.710042001472333,0.880010027580151,0.774866624257609,0.659697595172929,0.864242366543047,"ECU","Latin America and Caribbean"
123,3,2019,"Peru","Both",322,6,3,"lri","Lower respiratory infections",FALSE,"admin0","Incidence","Rate",0.0853167439077517,0.104318692970231,0.0680485891496243,0.78967137716728,0.710137492942749,0.857488346845271,0.78498198068987,0.691534853119926,0.855918791362192,"PER","Latin America and Caribbean"
125,3,2019,"Colombia","Both",322,6,3,"lri","Lower respiratory infections",FALSE,"admin0","Incidence","Rate",0.0765090566715893,0.0964863725654221,0.0593643147537825,0.909188647784262,0.850811373294585,0.948446770131062,0.905234300493445,0.844411537083285,0.949427781390887,"COL","Latin America and Caribbean"
126,3,2019,"Costa Rica","Both",322,6,3,"lri","Lower respiratory infections",FALSE,"admin0","Incidence","Rate",0.0951373186649042,0.122099479523999,0.0723334653132022,0.995062440587103,0.989658281000031,0.997868135415691,0.994354311510944,0.989061182245948,0.997396434288761,"CRI","Latin America and Caribbean"
127,3,2019,"El Salvador","Both",322,6,3,"lri","Lower respiratory infections",FALSE,"admin0","Incidence","Rate",0.101114579044688,0.127406834371632,0.0801202506825912,0.906454633336969,0.84886674003177,0.946599983225126,0.90527249594416,0.844425033442993,0.947748219705324,"SLV","Latin America and Caribbean"
128,3,2019,"Guatemala","Both",322,6,3,"lri","Lower respiratory infections",FALSE,"admin0","Incidence","Rate",0.128465722709569,0.154911648580771,0.103945842378721,0.770796914195147,0.673147268513034,0.853241313613121,0.768500812231436,0.658136761067189,0.852421917874514,"GTM","Latin America and Caribbean"
129,3,2019,"Honduras","Both",322,6,3,"lri","Lower respiratory infections",FALSE,"admin0","Incidence","Rate",0.0877093177631099,0.110771039230244,0.0692341418115938,0.902075472595503,0.848933037014665,0.94337329609141,0.903111934273526,0.845327397289379,0.944679277052312,"HND","Latin America and Caribbean"
130,3,2019,"Mexico","Both",322,6,3,"lri","Lower respiratory infections",FALSE,"admin0","Incidence","Rate",0.0606921212004278,0.0761396740437046,0.0477310816287513,0.82412273579156,0.747643297629102,0.884739355091692,0.822916716032342,0.737927475255834,0.889286368343618,"MEX","Latin America and Caribbean"
131,3,2019,"Nicaragua","Both",322,6,3,"lri","Lower respiratory infections",FALSE,"admin0","Incidence","Rate",0.107133515232053,0.133045101795817,0.0866590474495225,0.998191852986144,0.996083967103791,0.999284617154871,0.998432750876099,0.996289248643401,0.99937557320229,"NIC","Latin America and Caribbean"
132,3,2019,"Panama","Both",322,6,3,"lri","Lower respiratory infections",FALSE,"admin0","Incidence","Rate",0.0985112022684856,0.123399180578323,0.0775461749494975,0.867962489295174,0.80096277002017,0.922370162224434,0.878035097449602,0.79994712266644,0.933494568609133,"PAN","Latin America and Caribbean"
133,3,2019,"Venezuela (Bolivarian Republic of)","Both",322,6,3,"lri","Lower respiratory infections",FALSE,"admin0","Incidence","Rate",0.0762826542646736,0.0957608880187145,0.0605546996149557,0.718743235704752,0.600984694897128,0.814647667615442,0.379000115295703,0.276873366318135,0.481576041358915,"VEN","Latin America and Caribbean"
135,3,2019,"Brazil","Both",322,6,3,"lri","Lower respiratory infections",FALSE,"admin0","Incidence","Rate",0.0658841310816109,0.0842382046199363,0.0508519856222931,0.993878203045121,0.985403632298401,0.997973495306488,0.990532367791182,0.980189842385414,0.995963531412023,"BRA","Latin America and Caribbean"
136,3,2019,"Paraguay","Both",322,6,3,"lri","Lower respiratory infections",FALSE,"admin0","Incidence","Rate",0.0831193835633066,0.107788534184932,0.0637413505043212,0.976618655210773,0.954249653080819,0.989323930525709,0.964221295892676,0.929969884325728,0.98260636215982,"PRY","Latin America and Caribbean"
139,3,2019,"Algeria","Both",322,6,3,"lri","Lower respiratory infections",FALSE,"admin0","Incidence","Rate",0.068460404700587,0.086745821605419,0.0534765407993647,0.930069477414043,0.891657864105518,0.957699025366643,0.916547800301811,0.873655288430162,0.94604222166607,"DZA","North Africa and Middle East"
140,3,2019,"Bahrain","Both",322,6,3,"lri","Lower respiratory infections",FALSE,"admin0","Incidence","Rate",0.0786673140289703,0.103054294321614,0.0588531231734802,0.983862756006774,0.967004238299779,0.993337909922183,0.986547345563845,0.969754906610289,0.995108440435371,"BHR","North Africa and Middle East"
141,3,2019,"Egypt","Both",322,6,3,"lri","Lower respiratory infections",FALSE,"admin0","Incidence","Rate",0.112459847170067,0.137184818281033,0.0889555246301867,0.964977254926867,0.935401863109041,0.983987334496506,0,0,0,"EGY","North Africa and Middle East"
142,3,2019,"Iran (Islamic Republic of)","Both",322,6,3,"lri","Lower respiratory infections",FALSE,"admin0","Incidence","Rate",0.0474138764322212,0.0602672416900113,0.0361437407083502,0.992683156018109,0.984512524104863,0.997227213565382,0,0,0,"IRN","North Africa and Middle East"
143,3,2019,"Iraq","Both",322,6,3,"lri","Lower respiratory infections",FALSE,"admin0","Incidence","Rate",0.0741515639518363,0.0932602522168063,0.0584072599514201,0.855978024492273,0.784249895697895,0.908591940864213,0.567471775044446,0.46351624861244,0.661377312940034,"IRQ","North Africa and Middle East"
144,3,2019,"Jordan","Both",322,6,3,"lri","Lower respiratory infections",FALSE,"admin0","Incidence","Rate",0.0746782229050222,0.0939630450400617,0.0581019633134352,0.910072324567633,0.87641851369246,0.93600556268808,0,0,0,"JOR","North Africa and Middle East"
145,3,2019,"Kuwait","Both",322,6,3,"lri","Lower respiratory infections",FALSE,"admin0","Incidence","Rate",0.0735942590471881,0.0953044387044826,0.0563968583525726,0.996538632605764,0.993182611554512,0.998556686351773,0.996655681342543,0.992535256554202,0.998779935809632,"KWT","North Africa and Middle East"
146,3,2019,"Lebanon","Both",322,6,3,"lri","Lower respiratory infections",FALSE,"admin0","Incidence","Rate",0.0807810168430398,0.104595856169457,0.0618738449885351,0.779535391390591,0.687639355405839,0.854424485972875,0.74685403373729,0.647917618378749,0.824214120548118,"LBN","North Africa and Middle East"
147,3,2019,"Libya","Both",322,6,3,"lri","Lower respiratory infections",FALSE,"admin0","Incidence","Rate",0.0694587035604053,0.0879123152040257,0.0542285671644337,0.928451060373827,0.889807570081156,0.954900252456895,0.902674162635101,0.861307029912239,0.934047813909528,"LBY","North Africa and Middle East"
148,3,2019,"Morocco","Both",322,6,3,"lri","Lower respiratory infections",FALSE,"admin0","Incidence","Rate",0.0744016397672532,0.0931556455821577,0.0589276653357139,0.961934782374605,0.930311612470038,0.982390542819475,0.958998075538904,0.923531107482489,0.980851464212436,"MAR","North Africa and Middle East"
149,3,2019,"Palestine","Both",322,6,3,"lri","Lower respiratory infections",FALSE,"admin0","Incidence","Rate",0.0855689188393879,0.109180664010503,0.0661598928080347,0.960834821098289,0.922655868090786,0.984662300796087,0.953883194057328,0.907844525835478,0.979185857711319,"PSE","North Africa and Middle East"
150,3,2019,"Oman","Both",322,6,3,"lri","Lower respiratory infections",FALSE,"admin0","Incidence","Rate",0.0715760834143917,0.0914819403917067,0.0549005946514689,0.976149435485542,0.959921480408592,0.986819410405388,0.993370187107029,0.987724020634038,0.996355893771023,"OMN","North Africa and Middle East"
151,3,2019,"Qatar","Both",322,6,3,"lri","Lower respiratory infections",FALSE,"admin0","Incidence","Rate",0.0762279644985217,0.100003832415928,0.0573713611556146,0.950116080932507,0.911276182414249,0.974914115237104,0.838998002496054,0.771395301822627,0.893646794419432,"QAT","North Africa and Middle East"
152,3,2019,"Saudi Arabia","Both",322,6,3,"lri","Lower respiratory infections",FALSE,"admin0","Incidence","Rate",0.0649893900243489,0.0842260169144568,0.048156658854486,0.984249273410502,0.970793676526342,0.992645702404765,0.984821589726996,0.972257792539242,0.993423015981597,"SAU","North Africa and Middle East"
153,3,2019,"Syrian Arab Republic","Both",322,6,3,"lri","Lower respiratory infections",FALSE,"admin0","Incidence","Rate",0.0893529222377415,0.110050851840763,0.0703946008012766,0.756203310537587,0.666702820722119,0.834631697524271,0,0,0,"SYR","North Africa and Middle East"
154,3,2019,"Tunisia","Both",322,6,3,"lri","Lower respiratory infections",FALSE,"admin0","Incidence","Rate",0.0770984093945127,0.0986966349822115,0.0590184991848389,0.943309660667698,0.910876693316213,0.966347310552795,0,0,0,"TUN","North Africa and Middle East"
155,3,2019,"Turkey","Both",322,6,3,"lri","Lower respiratory infections",FALSE,"admin0","Incidence","Rate",0.0599497507055839,0.0761165159480915,0.045797619280383,0.973499036198956,0.946558818640929,0.988886778144415,0.972101929628076,0.942751925097745,0.989424332771531,"TUR","North Africa and Middle East"
156,3,2019,"United Arab Emirates","Both",322,6,3,"lri","Lower respiratory infections",FALSE,"admin0","Incidence","Rate",0.0734716275329735,0.0965607995594298,0.0548951047214823,0.96139934158272,0.926765239377582,0.981693721602994,0.955728631786926,0.917831905919191,0.977385437639433,"ARE","North Africa and Middle East"
157,3,2019,"Yemen","Both",322,6,3,"lri","Lower respiratory infections",FALSE,"admin0","Incidence","Rate",0.0942327567656093,0.119992273949024,0.0737231315266155,0.726739644502979,0.598129100188221,0.828059385242176,0.712982965707965,0.569909121846208,0.82375399867013,"YEM","North Africa and Middle East"
160,3,2019,"Afghanistan","Both",322,6,3,"lri","Lower respiratory infections",FALSE,"admin0","Incidence","Rate",0.117266022443639,0.146618241727918,0.093171445421807,0.730445515196871,0.643535928310195,0.805479163679749,0.67902735354681,0.585711318014091,0.763785634869247,"AFG","North Africa and Middle East"
161,3,2019,"Bangladesh","Both",322,6,3,"lri","Lower respiratory infections",FALSE,"admin0","Incidence","Rate",0.0678447678035129,0.0848423385039621,0.0543799951295652,0.939448768471516,0.902870410815579,0.965889263218268,0.944358634064422,0.90400507707237,0.969530490549193,"BGD","South Asia"
162,3,2019,"Bhutan","Both",322,6,3,"lri","Lower respiratory infections",FALSE,"admin0","Incidence","Rate",0.0566558702152564,0.0724536880654241,0.043742469057981,0.997386146572136,0.994336356067741,0.998942510071284,0,0,0,"BTN","South Asia"
163,3,2019,"India","Both",322,6,3,"lri","Lower respiratory infections",FALSE,"admin0","Incidence","Rate",0.0623654735174555,0.0776802647187464,0.048973094436327,0.803985563644987,0.714915039717058,0.87102118527299,0.208563108469435,0.175840979051409,0.232883954215743,"IND","South Asia"
164,3,2019,"Nepal","Both",322,6,3,"lri","Lower respiratory infections",FALSE,"admin0","Incidence","Rate",0.0592948658424704,0.0732716721661451,0.046822706403561,0.861461565884637,0.799174407782826,0.908556686801224,0.775925079853534,0.703756046725178,0.839294427148484,"NPL","South Asia"
165,3,2019,"Pakistan","Both",322,6,3,"lri","Lower respiratory infections",FALSE,"admin0","Incidence","Rate",0.0663977373036496,0.0833395501312773,0.0521400141593642,0.81766791272797,0.723830657887457,0.890657483180211,0.811970825933751,0.711439352795671,0.889040595453586,"PAK","South Asia"
168,3,2019,"Angola","Both",322,6,3,"lri","Lower respiratory infections",FALSE,"admin0","Incidence","Rate",0.0675592404574309,0.0843215852218401,0.0546541296393629,0.428821081417504,0.325140400094385,0.536602831368702,0.439231227041314,0.333567737540846,0.552838226783035,"AGO","Sub-Saharan Africa"
169,3,2019,"Central African Republic","Both",322,6,3,"lri","Lower respiratory infections",FALSE,"admin0","Incidence","Rate",0.121025334873776,0.15224013494606,0.0949382145579114,0.523191157867563,0.397956432379123,0.647029882022465,0.520364627164539,0.38913651815398,0.645560988837106,"CAF","Sub-Saharan Africa"
170,3,2019,"Congo","Both",322,6,3,"lri","Lower respiratory infections",FALSE,"admin0","Incidence","Rate",0.0631985212161199,0.0790332456214596,0.0495120698066221,0.683372897438014,0.579118885189847,0.771401116975786,0.682802020438446,0.57683491069689,0.774489028107935,"COG","Sub-Saharan Africa"
171,3,2019,"Democratic Republic of the Congo","Both",322,6,3,"lri","Lower respiratory infections",FALSE,"admin0","Incidence","Rate",0.0894111549477361,0.115267682632065,0.0699533515944443,0.764853086052943,0.682164827724169,0.838317085147527,0.754190333344238,0.658375592728156,0.830616635389137,"COD","Sub-Saharan Africa"
172,3,2019,"Equatorial Guinea","Both",322,6,3,"lri","Lower respiratory infections",FALSE,"admin0","Incidence","Rate",0.0483937204893229,0.0611389917053122,0.0378186481304164,0.442122215260067,0.289778824631162,0.600971727263558,0,0,0,"GNQ","Sub-Saharan Africa"
173,3,2019,"Gabon","Both",322,6,3,"lri","Lower respiratory infections",FALSE,"admin0","Incidence","Rate",0.061531708591491,0.077645027849719,0.048372702884547,0.788131235402355,0.683523832564775,0.868655600989848,0,0,0,"GAB","Sub-Saharan Africa"
175,3,2019,"Burundi","Both",322,6,3,"lri","Lower respiratory infections",FALSE,"admin0","Incidence","Rate",0.0905108335968622,0.116106943291803,0.0719535062745501,0.962167655655328,0.929807488215211,0.981092723623618,0.962444400964338,0.929147392958221,0.982834750520279,"BDI","Sub-Saharan Africa"
176,3,2019,"Comoros","Both",322,6,3,"lri","Lower respiratory infections",FALSE,"admin0","Incidence","Rate",0.085439027098708,0.106972810207105,0.0677906340352047,0.864797966089276,0.768088176826985,0.927421351657231,0,0,0,"COM","Sub-Saharan Africa"
177,3,2019,"Djibouti","Both",322,6,3,"lri","Lower respiratory infections",FALSE,"admin0","Incidence","Rate",0.0836651372412908,0.107038046310164,0.0661350460331622,0.589756108519663,0.454039972828823,0.723283742610975,0.589644295568455,0.439346525123285,0.729409267092196,"DJI","Sub-Saharan Africa"
178,3,2019,"Eritrea","Both",322,6,3,"lri","Lower respiratory infections",FALSE,"admin0","Incidence","Rate",0.105519590034174,0.133316403813724,0.0811441332629558,0.949648925417778,0.896121529597018,0.979773267262221,0.949015264478934,0.896538595328927,0.979583481065403,"ERI","Sub-Saharan Africa"
179,3,2019,"Ethiopia","Both",322,6,3,"lri","Lower respiratory infections",FALSE,"admin0","Incidence","Rate",0.086853061783548,0.107898086900725,0.0689515971015321,0.604657057044025,0.513812027044894,0.686669506976856,0.605002971914685,0.510015899672609,0.691150906885985,"ETH","Sub-Saharan Africa"
180,3,2019,"Kenya","Both",322,6,3,"lri","Lower respiratory infections",FALSE,"admin0","Incidence","Rate",0.0653488558665195,0.0818654984369602,0.0515443438046726,0.830849375822443,0.747263598832095,0.895447372631656,0.824824185194607,0.731363941602624,0.892912976747642,"KEN","Sub-Saharan Africa"
181,3,2019,"Madagascar","Both",322,6,3,"lri","Lower respiratory infections",FALSE,"admin0","Incidence","Rate",0.0833126891819258,0.104308802942128,0.0657177766345274,0.851976251557517,0.780427557309819,0.903998493285887,0.851958575799037,0.779549710059127,0.90630266543906,"MDG","Sub-Saharan Africa"
182,3,2019,"Malawi","Both",322,6,3,"lri","Lower respiratory infections",FALSE,"admin0","Incidence","Rate",0.0944651629612573,0.119047978919036,0.07447536603853,0.902767330058976,0.843852578410361,0.944696106392471,0.90191551785018,0.835980024819885,0.944562211902709,"MWI","Sub-Saharan Africa"
183,3,2019,"Mauritius","Both",322,6,3,"lri","Lower respiratory infections",FALSE,"admin0","Incidence","Rate",0.0640562145236262,0.0822486600309175,0.0485408790096758,0.865317998493922,0.813181172077559,0.908143486972591,0.741041007994846,0.657110737804113,0.808618143664888,"MUS","Southeast Asia, East Asia, and Oceania"
184,3,2019,"Mozambique","Both",322,6,3,"lri","Lower respiratory infections",FALSE,"admin0","Incidence","Rate",0.0627303599510753,0.0784242160987752,0.0499885854512334,0.972979183074055,0.954357129780671,0.985464148754315,0.971904403303089,0.95240314678355,0.985541991718334,"MOZ","Sub-Saharan Africa"
185,3,2019,"Rwanda","Both",322,6,3,"lri","Lower respiratory infections",FALSE,"admin0","Incidence","Rate",0.10319764307232,0.129571399312353,0.0815705195296749,0.972311049151672,0.944419756307003,0.98722103160934,0.974196108479326,0.948963247960912,0.988822020523989,"RWA","Sub-Saharan Africa"
186,3,2019,"Seychelles","Both",322,6,3,"lri","Lower respiratory infections",FALSE,"admin0","Incidence","Rate",0.0729813113857418,0.0916347427327122,0.0564536479346466,0.905477885348528,0.85534341207436,0.941680020527616,0.75675323071709,0.666386331493616,0.833702579966582,"SYC","Southeast Asia, East Asia, and Oceania"
187,3,2019,"Somalia","Both",322,6,3,"lri","Lower respiratory infections",FALSE,"admin0","Incidence","Rate",0.112129845281192,0.145047016246802,0.0886890516018871,0.467178685905497,0.345037499674338,0.585862181616697,0,0,0,"SOM","Sub-Saharan Africa"
189,3,2019,"United Republic of Tanzania","Both",322,6,3,"lri","Lower respiratory infections",FALSE,"admin0","Incidence","Rate",0.112243139726617,0.13861019698451,0.0896540036686773,0.915545281333147,0.875732109747117,0.946056643890468,0.913689130140139,0.869550960914661,0.946422131127753,"TZA","Sub-Saharan Africa"
190,3,2019,"Uganda","Both",322,6,3,"lri","Lower respiratory infections",FALSE,"admin0","Incidence","Rate",0.0935181491219696,0.115513792036598,0.0745315869726976,0.882694145635271,0.796405390527251,0.940760450663516,0.843261962291214,0.736254762666212,0.914956447377767,"UGA","Sub-Saharan Africa"
191,3,2019,"Zambia","Both",322,6,3,"lri","Lower respiratory infections",FALSE,"admin0","Incidence","Rate",0.0721254151654691,0.0898861742193406,0.057554982474776,0.911133001623125,0.853850996895083,0.951147339872464,0.908465778600921,0.852479339818446,0.949588572039272,"ZMB","Sub-Saharan Africa"
193,3,2019,"Botswana","Both",322,6,3,"lri","Lower respiratory infections",FALSE,"admin0","Incidence","Rate",0.0930365016353482,0.116651388180996,0.0735492844125378,0.78678171066276,0.69507150401879,0.857692059377734,0.785091014174631,0.691714154681044,0.860363522294673,"BWA","Sub-Saharan Africa"
194,3,2019,"Lesotho","Both",322,6,3,"lri","Lower respiratory infections",FALSE,"admin0","Incidence","Rate",0.1058483632812,0.133889547549863,0.0835180622733765,0.973952107186829,0.953213008017458,0.987220056067289,0.954511944930669,0.929632174793781,0.972828266816688,"LSO","Sub-Saharan Africa"
195,3,2019,"Namibia","Both",322,6,3,"lri","Lower respiratory infections",FALSE,"admin0","Incidence","Rate",0.0943603623556669,0.119675605672246,0.0744341192489175,0.941446914279325,0.891133218155364,0.971928583365009,0.912651204219412,0.862604843257387,0.94664956743498,"NAM","Sub-Saharan Africa"
196,3,2019,"South Africa","Both",322,6,3,"lri","Lower respiratory infections",FALSE,"admin0","Incidence","Rate",0.085581691481239,0.105628631470357,0.0685124258740337,0.659352374529118,0.563503848469338,0.743348840103955,0.654477592171245,0.552116202451672,0.741628348274381,"ZAF","Sub-Saharan Africa"
197,3,2019,"Eswatini","Both",322,6,3,"lri","Lower respiratory infections",FALSE,"admin0","Incidence","Rate",0.0947882503432258,0.118131071704956,0.074731872878045,0.884191142468562,0.817410839945092,0.931116850522231,0.877695065646078,0.800157383946546,0.931937233414881,"SWZ","Sub-Saharan Africa"
198,3,2019,"Zimbabwe","Both",322,6,3,"lri","Lower respiratory infections",FALSE,"admin0","Incidence","Rate",0.094327067713424,0.11668796476277,0.0757170164871963,0.839871210448984,0.767644109845855,0.901600082877271,0.839661271515856,0.765155052441852,0.898122919498888,"ZWE","Sub-Saharan Africa"
200,3,2019,"Benin","Both",322,6,3,"lri","Lower respiratory infections",FALSE,"admin0","Incidence","Rate",0.0732451871256893,0.0898812299601928,0.0587591464527734,0.774396398881342,0.685727882975646,0.845229480896782,0.773512034627254,0.666308390135439,0.854200520987535,"BEN","Sub-Saharan Africa"
201,3,2019,"Burkina Faso","Both",322,6,3,"lri","Lower respiratory infections",FALSE,"admin0","Incidence","Rate",0.0871423399456024,0.108060546076202,0.068170167702938,0.938330983645554,0.893580451061179,0.966980807622173,0.937470259088771,0.888662408104207,0.9697984914999,"BFA","Sub-Saharan Africa"
202,3,2019,"Cameroon","Both",322,6,3,"lri","Lower respiratory infections",FALSE,"admin0","Incidence","Rate",0.0736956681175008,0.091928658395458,0.05876533760781,0.820680046939705,0.732641752196841,0.884880513902446,0.835216234720874,0.753142485117077,0.904545974743883,"CMR","Sub-Saharan Africa"
203,3,2019,"Cabo Verde","Both",322,6,3,"lri","Lower respiratory infections",FALSE,"admin0","Incidence","Rate",0.0450625877467804,0.0567610187123062,0.0349563075410129,0.948429296864171,0.913517667188698,0.972314728842506,0,0,0,"CPV","Sub-Saharan Africa"
204,3,2019,"Chad","Both",322,6,3,"lri","Lower respiratory infections",FALSE,"admin0","Incidence","Rate",0.115598074666557,0.144804553266947,0.0910205222992964,0.418020765397316,0.316036720943404,0.527492255798065,0,0,0,"TCD","Sub-Saharan Africa"
205,3,2019,"Cte d'Ivoire","Both",322,6,3,"lri","Lower respiratory infections",FALSE,"admin0","Incidence","Rate",0.0898606146569113,0.111571981110968,0.0710593854089257,0.886717491137076,0.828258749206989,0.929817530677661,0.875984355054735,0.817446004874445,0.919112956955891,"CIV","Sub-Saharan Africa"
206,3,2019,"Gambia","Both",322,6,3,"lri","Lower respiratory infections",FALSE,"admin0","Incidence","Rate",0.0691739065265125,0.0869676166881351,0.0546976187743314,0.901038462453066,0.845533588088839,0.94363104792693,0.901356982379279,0.841727997352275,0.945498881645179,"GMB","Sub-Saharan Africa"
207,3,2019,"Ghana","Both",322,6,3,"lri","Lower respiratory infections",FALSE,"admin0","Incidence","Rate",0.0652818919207141,0.0824936488718057,0.0516048951823039,0.980646531367273,0.963947627086651,0.990588535479821,0.94524190864817,0.905453629123319,0.972617569273124,"GHA","Sub-Saharan Africa"
208,3,2019,"Guinea","Both",322,6,3,"lri","Lower respiratory infections",FALSE,"admin0","Incidence","Rate",0.0971069442155292,0.120624665048387,0.0772890528552708,0.488425516912722,0.368484628678384,0.608870156491375,0,0,0,"GIN","Sub-Saharan Africa"
209,3,2019,"Guinea-Bissau","Both",322,6,3,"lri","Lower respiratory infections",FALSE,"admin0","Incidence","Rate",0.0698979514801249,0.0878401707255227,0.0553456836172951,0.71246502096084,0.594463593422478,0.801881425592568,0.718275343222441,0.602949080418251,0.811015148349963,"GNB","Sub-Saharan Africa"
210,3,2019,"Liberia","Both",322,6,3,"lri","Lower respiratory infections",FALSE,"admin0","Incidence","Rate",0.0683459142491033,0.0876244835853259,0.0541080953138842,0.842550745606869,0.751544662987398,0.910170572453771,0.84080036166935,0.755917129953013,0.904812756342251,"LBR","Sub-Saharan Africa"
211,3,2019,"Mali","Both",322,6,3,"lri","Lower respiratory infections",FALSE,"admin0","Incidence","Rate",0.0786646944864041,0.097644959055893,0.0631432632587837,0.64738315789496,0.546573881773266,0.733101410066948,0.653189215341604,0.55139150428891,0.749460345670557,"MLI","Sub-Saharan Africa"
212,3,2019,"Mauritania","Both",322,6,3,"lri","Lower respiratory infections",FALSE,"admin0","Incidence","Rate",0.0733772547991275,0.0920574449013631,0.05794018576609,0.713899976104965,0.62135261031167,0.792108829935635,0.708643589539796,0.62119578896216,0.790255621573284,"MRT","Sub-Saharan Africa"
213,3,2019,"Niger","Both",322,6,3,"lri","Lower respiratory infections",FALSE,"admin0","Incidence","Rate",0.102679524251494,0.129125304160325,0.0809465049668786,0.688632301029491,0.592657850664539,0.767509660877248,0.686437831961537,0.58146804837627,0.775747990848358,"NER","Sub-Saharan Africa"
214,3,2019,"Nigeria","Both",322,6,3,"lri","Lower respiratory infections",FALSE,"admin0","Incidence","Rate",0.075693592520363,0.0946952543499987,0.060027853699062,0.401992621117182,0.287421188868694,0.535962605064946,0.398408903622358,0.272038502649342,0.533813172402026,"NGA","Sub-Saharan Africa"
215,3,2019,"Sao Tome and Principe","Both",322,6,3,"lri","Lower respiratory infections",FALSE,"admin0","Incidence","Rate",0.0609396443852261,0.0756197895872153,0.0479738022048073,0.938759810592999,0.895178721450025,0.968107380609119,0.942878306719431,0.893235634133858,0.973467313069473,"STP","Sub-Saharan Africa"
216,3,2019,"Senegal","Both",322,6,3,"lri","Lower respiratory infections",FALSE,"admin0","Incidence","Rate",0.0782008262815293,0.0947051234390761,0.0641900211995559,0.918343204115578,0.864445622385568,0.953947719064171,0.919939252766402,0.866903718731682,0.957613665572665,"SEN","Sub-Saharan Africa"
217,3,2019,"Sierra Leone","Both",322,6,3,"lri","Lower respiratory infections",FALSE,"admin0","Incidence","Rate",0.0911183027150506,0.11733865621936,0.0720629286642827,0.868605750500762,0.793572367877031,0.920075909685341,0.867827261123136,0.790851942624987,0.924103770289027,"SLE","Sub-Saharan Africa"
218,3,2019,"Togo","Both",322,6,3,"lri","Lower respiratory infections",FALSE,"admin0","Incidence","Rate",0.0716892339768058,0.0907995282757383,0.0564564829184545,0.880746774629905,0.810195099052815,0.928739929743602,0.881505362071808,0.810778022352185,0.932126475349558,"TGO","Sub-Saharan Africa"
298,3,2019,"American Samoa","Both",322,6,3,"lri","Lower respiratory infections",FALSE,"nonsovereign","Incidence","Rate",0.0623380009701,0.0781245864182758,0.0485845172402419,0,0,0,0,0,0,"ASM","Southeast Asia, East Asia, and Oceania"
305,3,2019,"Bermuda","Both",322,6,3,"lri","Lower respiratory infections",FALSE,"nonsovereign","Incidence","Rate",0.0564717126060409,0.073248235596813,0.043153199450595,0,0,0,0,0,0,"BMU","Latin America and Caribbean"
320,3,2019,"Cook Islands","Both",322,6,3,"lri","Lower respiratory infections",FALSE,"nonsovereign","Incidence","Rate",0.0547872966572996,0.0694730719193246,0.0423361449673297,0.936625057898155,0.898915647445131,0.962404363930505,0,0,0,"COK","Southeast Asia, East Asia, and Oceania"
349,3,2019,"Greenland","Both",322,6,3,"lri","Lower respiratory infections",FALSE,"nonsovereign","Incidence","Rate",0.0460576770012835,0.0592172287344632,0.0353712535518695,0.945444762751745,0.907650966026207,0.970552777846247,0.945368898519056,0.899687752529655,0.971899477531167,"GRL","High-income"
351,3,2019,"Guam","Both",322,6,3,"lri","Lower respiratory infections",FALSE,"nonsovereign","Incidence","Rate",0.059694225967554,0.0757991210304264,0.0471818394309076,0,0,0,0,0,0,"GUM","Southeast Asia, East Asia, and Oceania"
367,3,2019,"Monaco","Both",322,6,3,"lri","Lower respiratory infections",FALSE,"admin0","Incidence","Rate",0.0483505033247938,0.0637618445639827,0.0374729336892071,0.99905275452543,0.997544736814934,0.999728603244675,0.995670946724912,0.991087002447628,0.997928076612532,"MCO","High-income"
369,3,2019,"Nauru","Both",322,6,3,"lri","Lower respiratory infections",FALSE,"admin0","Incidence","Rate",0.0849689925307102,0.106720174976084,0.0674383998504834,0.891392663120131,0.828605010095122,0.937567294616461,0,0,0,"NRU","Southeast Asia, East Asia, and Oceania"
374,3,2019,"Niue","Both",322,6,3,"lri","Lower respiratory infections",FALSE,"nonsovereign","Incidence","Rate",0.0721183110479016,0.0896408400417163,0.0579747619711166,0.929864209835071,0.896522928556418,0.955667526728149,0.904223600108308,0.858002006158653,0.938324917692471,"NIU","Southeast Asia, East Asia, and Oceania"
376,3,2019,"Northern Mariana Islands","Both",322,6,3,"lri","Lower respiratory infections",FALSE,"nonsovereign","Incidence","Rate",0.0660655027911838,0.0841347436400305,0.0525758417615702,0,0,0,0,0,0,"MNP","Southeast Asia, East Asia, and Oceania"
380,3,2019,"Palau","Both",322,6,3,"lri","Lower respiratory infections",FALSE,"admin0","Incidence","Rate",0.098191025861073,0.116986169941625,0.0824591456862248,0.849873361077828,0.775336085707341,0.904140573421565,0.873713330795519,0.814173689987936,0.919220435973153,"PLW","Southeast Asia, East Asia, and Oceania"
385,3,2019,"Puerto Rico","Both",322,6,3,"lri","Lower respiratory infections",FALSE,"nonsovereign","Incidence","Rate",0.0593746854056129,0.0778130206085687,0.0443745093915205,0.90830162300859,0.815627878134897,0.96610409472381,0.903975144741714,0.809901396621014,0.961561944628817,"PRI","Latin America and Caribbean"
393,3,2019,"Saint Kitts and Nevis","Both",322,6,3,"lri","Lower respiratory infections",FALSE,"admin0","Incidence","Rate",0.052761950364243,0.065626088760222,0.0409376789149461,0.967143859927599,0.941936933131072,0.982597954652795,0,0,0,"KNA","Latin America and Caribbean"
396,3,2019,"San Marino","Both",322,6,3,"lri","Lower respiratory infections",FALSE,"admin0","Incidence","Rate",0.0476436058328343,0.0630590798860628,0.0367543311113416,0.752374590679395,0.647437120873794,0.830777117037039,0.533267197685432,0.43300634616843,0.631296782663433,"SMR","High-income"
413,3,2019,"Tokelau","Both",322,6,3,"lri","Lower respiratory infections",FALSE,"nonsovereign","Incidence","Rate",0.0673638670098936,0.0842384209389951,0.0527212068482449,0,0,0,0,0,0,"TKL","Southeast Asia, East Asia, and Oceania"
416,3,2019,"Tuvalu","Both",322,6,3,"lri","Lower respiratory infections",FALSE,"admin0","Incidence","Rate",0.0601762488750738,0.0750077939351358,0.047076230905725,0.632571850290594,0.543096837946483,0.715856043240775,0,0,0,"TUV","Southeast Asia, East Asia, and Oceania"
422,3,2019,"United States Virgin Islands","Both",322,6,3,"lri","Lower respiratory infections",FALSE,"nonsovereign","Incidence","Rate",0.059592222576299,0.0770567742694631,0.0446811525083081,0.618826757895847,0.421371019311108,0.782387766508185,0.615758642102889,0.404749919663106,0.796832448176134,"VIR","Latin America and Caribbean"
435,3,2019,"South Sudan","Both",322,6,3,"lri","Lower respiratory infections",FALSE,"admin0","Incidence","Rate",0.108843652150139,0.136744380032135,0.0856622107454937,0.547037753225121,0.424604948841933,0.670362994349608,0,0,0,"SSD","Sub-Saharan Africa"
522,3,2019,"Sudan","Both",322,6,3,"lri","Lower respiratory infections",FALSE,"admin0","Incidence","Rate",0.0840670012499131,0.106395586165644,0.0663438112259937,0.799149737901346,0.731063839310909,0.859533413517345,0.800454374772933,0.730369812104572,0.860041388447054,"SDN","North Africa and Middle East"
